https://github.com/ManasaMurthy/Microservice,master,micro
https://github.com/ManasaMurthy/Microservice,master,micro
https://github.com/ManasaMurthy/Microservice,master,micro
https://github.com/ManasaMurthy/Microservice,master,micro
https://github.com/ManasaMurthy/Microservice,master,micro
https://github.com/ManasaMurthy/Microservice,master,micro
https://github.com/ManasaMurthy/Microservice,master,micro
https://github.com/ManasaMurthy/Microservice,master,micro
https://github.com/ManasaMurthy/Microservice,master,micro
https://github.com/ManasaMurthy/Microservice,master,micro
https://github.com/ManasaMurthy/Microservice,master,micro
https://github.com/ManasaMurthy/Microservice,master,micro
https://github.com/ManasaMurthy/Microservice,master,micro
https://github.com/ManasaMurthy/Microservice,devbranch,spark
https://github.com/ManasaMurthy/Microservice,dev,spark1
